# SID,First,Last,Grade,Event Max,Build Max,Cap Flag,Coach,Prf0,Prf1,Prf2,Prf3,E__0,E__1,E__2,E__3,E__4,E__5,E__6,E__7,E__8,E__9,E_10,E_11,E_12,E_13,E_14,E_15,E_16,E_17,E_18,E_19,E_20,E_21,E_22,E_23,E_24,E_25,E_26,E_27,E_28,E_29,T__0,T__1,T__2,T__3,T__4,T__5,T__6,T__7,T__8,T__9,T_10,T_11,T_12,T_13,T_14,T_15,T_16,T_17,T_18,T_19,T_20,T_21,T_22,Total Avail
5075,Aaranyo,Mazumdar,6,3,1,0,1,0,0,0,0,419,412,411,406,407,405,421,422,413,423,404,425,409,415,417,410,420,424,403,416,414,418,408,428,426,429,431,430,432,427,0,1,1,0,1,1,0,1,0,0,0,0,0,0,0,0,0,0,0,0,0,1,0,6
5121,Adam,Khan,6,1,0,0,0,0,0,0,0,410,414,404,415,417,408,407,422,409,420,416,423,421,413,406,412,419,403,418,424,411,405,425,430,428,427,432,426,429,431,0,1,0,1,0,0,0,0,0,0,0,0,0,0,0,0,0,0,0,0,0,0,0,2
5007,Adam,Su,5,3,3,0,0,0,0,0,0,406,411,418,421,419,425,423,413,403,424,407,415,422,416,405,410,412,409,420,414,417,408,404,426,427,431,429,430,432,428,0,0,0,0,0,0,0,1,0,0,0,0,0,0,0,1,0,1,1,0,0,1,1,6
4977,Alisha,Ma,6,3,0,0,0,0,0,0,0,404,407,408,417,406,414,419,410,420,413,403,418,424,425,409,423,412,415,421,416,411,422,405,428,427,429,432,426,431,430,1,1,1,1,1,1,1,1,1,1,1,1,1,1,1,0,0,1,0,0,0,1,1,18
4957,Amy,Dao,6,2,2,0,1,0,0,0,0,403,414,407,419,423,416,404,408,425,415,406,413,411,420,410,421,405,409,418,422,412,417,424,428,431,429,430,426,427,432,0,1,1,0,0,0,0,0,0,0,0,0,0,0,0,0,0,0,0,0,0,0,0,2
5047,ARNAV,JETLY,4,1,1,0,1,0,0,0,0,413,403,407,423,422,421,424,406,411,418,405,425,415,416,414,412,410,409,404,408,419,420,417,432,430,426,428,427,429,431,0,0,1,0,0,0,0,0,0,0,0,1,0,0,0,0,1,0,0,0,1,0,0,4
5033,Asher,Mason,6,1,1,0,0,0,0,0,0,413,403,423,424,422,421,408,409,414,417,405,404,412,419,415,406,411,410,418,420,416,425,407,428,426,432,431,427,429,430,0,0,1,0,0,0,0,0,0,0,0,0,0,0,0,0,0,0,0,0,0,0,0,1
5003,Anbe,Yeh,6,4,1,0,0,0,0,0,0,414,411,408,404,410,420,403,425,412,413,406,415,423,419,417,409,416,418,405,422,424,407,421,432,428,430,426,429,431,427,0,1,1,1,0,1,0,1,0,0,0,0,0,0,0,0,0,0,0,0,0,1,0,5
5011,Ashley,Cui,5,2,2,0,0,0,0,0,0,405,422,409,415,412,424,403,414,407,404,413,425,418,420,421,406,411,410,417,419,408,416,423,430,429,428,431,427,432,426,0,0,0,0,0,0,0,1,1,0,0,0,1,1,1,0,0,0,0,0,0,0,0,5
5079,Austin,Meita,6,1,1,0,0,0,0,0,0,408,406,409,422,416,420,415,418,411,404,412,410,414,419,417,421,424,405,403,413,425,423,407,427,430,428,432,429,426,431,0,0,0,0,1,1,1,1,0,0,0,1,1,1,0,0,1,0,0,0,1,0,0,9
5020,Aven,Eichenbaum,5,1,1,0,0,0,0,0,0,425,411,421,407,416,404,423,424,412,406,405,420,417,422,418,415,409,408,403,410,419,413,414,427,429,426,432,430,428,431,0,1,1,0,0,0,0,0,0,0,0,0,0,0,0,1,0,0,0,0,0,1,0,4
4981,Anika,Nath,4,3,1,0,1,0,0,0,0,423,404,406,409,408,416,415,412,425,414,413,403,410,422,411,420,419,407,417,424,421,418,405,431,427,430,432,429,428,426,0,1,0,1,0,1,1,1,1,0,0,0,0,0,0,0,0,1,1,0,0,0,0,6
5099,Anika,Prakash,5,3,1,0,1,0,0,0,0,418,410,407,405,411,414,419,413,408,412,417,404,409,422,424,423,406,416,415,420,403,425,421,432,430,427,429,428,426,431,0,1,0,1,0,0,0,0,0,0,0,0,0,1,0,0,0,1,0,0,0,1,0,5
5104,Chengshuang,Liu,4,1,1,0,0,0,0,0,0,422,421,423,403,413,424,418,407,406,411,405,425,412,404,415,417,419,409,414,408,420,416,410,429,428,431,430,427,426,432,0,0,0,0,0,0,0,0,0,0,0,0,1,0,0,0,0,0,0,0,0,0,0,1
5019,Anushka,Shah,6,3,2,0,1,0,0,0,0,408,411,422,413,403,406,421,424,419,416,414,404,407,417,410,423,409,405,415,418,425,420,412,432,426,427,429,430,431,428,0,0,1,0,0,1,0,0,0,0,0,0,1,0,0,0,0,0,0,1,1,1,1,7
5085,Claudio,Presti,6,1,1,0,0,0,0,0,0,403,413,421,422,423,418,424,406,407,416,425,411,419,420,409,415,414,412,410,417,405,408,404,427,429,432,430,428,426,431,0,0,0,0,0,0,1,1,0,0,0,1,1,1,0,0,0,1,1,0,1,1,0,9
4965,Arnav,Gurjar,5,3,1,0,1,0,0,0,0,406,404,415,421,408,423,403,413,407,405,417,418,420,411,422,409,416,412,424,410,414,419,425,430,432,428,426,429,427,431,0,1,0,0,0,1,0,1,0,0,0,0,0,0,0,1,0,1,0,0,0,0,0,5
5113,Dayeon,Kim,4,1,1,0,0,0,0,0,0,422,421,418,423,403,424,413,425,409,408,416,404,412,405,410,417,407,414,420,419,415,411,406,427,431,429,428,430,426,432,0,0,1,0,0,1,0,0,0,0,1,1,1,0,0,1,0,0,0,1,0,0,1,8
5118,Eliana,Lerman,5,2,2,0,0,0,0,0,0,422,413,423,421,424,403,407,406,405,411,418,425,409,408,404,415,417,410,416,414,412,419,420,428,432,427,429,426,431,430,1,1,0,0,0,1,1,1,1,0,1,1,1,0,0,1,0,0,1,0,1,1,0,13
4950,Calvin,Kim,5,3,0,0,1,0,0,0,0,417,406,410,409,404,407,418,419,420,405,408,415,416,412,414,423,422,424,413,403,421,411,425,431,427,429,432,428,430,426,0,0,0,1,0,0,0,1,1,0,0,0,0,1,0,0,0,1,0,0,0,0,0,5
5092,Ella,Gur,5,1,0,0,0,0,0,0,0,413,403,407,421,422,423,411,424,418,405,425,409,415,419,408,412,414,416,420,417,410,406,404,428,431,430,426,429,427,432,1,0,1,0,0,0,0,0,0,0,0,0,0,0,0,1,1,0,1,1,1,0,1,8
5188,Elliot,Johnson,6,1,1,0,0,0,0,0,0,413,423,425,422,420,412,414,421,424,409,410,405,408,407,403,417,418,415,416,404,411,419,406,430,428,427,426,429,431,432,0,1,1,0,0,0,0,0,0,0,0,0,0,0,0,0,0,0,0,0,0,0,0,2
5049,Candice,Ding,5,3,0,0,1,0,0,0,0,405,404,407,418,417,406,425,411,419,403,423,415,412,409,408,422,424,414,420,416,413,410,421,426,430,431,429,432,428,427,0,0,0,0,0,1,1,1,1,0,0,1,0,1,1,0,0,1,1,0,0,0,0,9
5100,Julian,Toman,6,1,0,0,0,0,0,0,0,421,423,413,424,403,422,425,411,407,406,418,405,409,412,417,414,416,410,408,420,419,415,404,427,432,429,431,426,430,428,0,1,1,0,0,0,0,0,0,1,0,0,1,0,0,0,1,0,0,0,1,0,0,6
5021,Claire,Hu,6,3,2,0,0,0,0,0,0,404,417,422,421,410,409,408,419,407,418,414,406,403,416,412,411,424,425,415,413,423,405,420,430,426,431,427,428,429,432,1,1,1,0,0,0,0,1,1,0,0,0,1,0,0,1,1,1,1,1,1,1,1,13
5107,Junxi,Hong,4,1,1,0,0,0,0,0,0,406,411,403,412,423,414,415,425,422,421,419,408,413,410,424,418,420,417,407,405,409,404,416,430,431,428,429,426,427,432,0,0,0,0,0,0,0,1,0,0,0,0,0,0,0,0,0,0,0,0,0,0,0,1
4961,Lauren,Shin,6,2,1,0,0,0,0,0,0,408,417,406,410,404,405,418,421,422,416,403,407,409,411,412,425,414,415,419,420,423,424,413,430,432,428,426,427,429,431,0,0,0,1,0,1,0,1,0,0,0,0,0,0,0,0,0,1,0,1,0,0,1,6
4997,Lillian,Bigler,6,1,0,0,0,0,0,0,0,420,408,404,411,407,415,414,405,419,425,423,413,424,409,416,406,403,412,422,410,417,418,421,432,429,427,428,430,426,431,0,0,0,0,0,1,0,0,0,0,0,0,0,0,0,0,0,0,0,0,0,0,0,1
4991,Madeline,Bigler,5,1,0,0,0,0,0,0,0,420,408,404,407,411,422,410,419,423,418,409,424,406,425,417,416,415,414,412,413,421,405,403,427,432,428,426,429,430,431,0,0,0,0,0,1,0,0,0,0,0,0,0,0,0,0,0,0,0,0,0,0,0,1
5123,Marina,Guan,6,2,2,0,0,0,0,0,0,425,406,404,418,422,417,408,410,420,415,413,414,411,416,424,405,412,423,419,421,403,407,409,426,430,431,427,428,429,432,0,0,1,0,0,0,0,1,0,1,1,1,0,0,0,0,1,0,0,0,1,0,1,8
4979,Elizabeth,Young,5,3,1,0,0,0,0,0,0,411,424,415,420,419,407,412,418,405,421,408,410,413,406,409,403,416,404,423,422,425,417,414,427,429,428,426,430,432,431,1,1,1,0,0,0,0,0,0,0,0,0,1,0,0,0,0,0,0,0,0,1,0,3
5094,Evelyn,Vargas,5,3,1,0,0,0,0,0,0,407,406,403,411,413,408,424,405,419,417,422,418,412,425,415,409,414,410,416,423,421,420,404,428,432,426,429,430,431,427,1,1,0,0,0,1,0,1,0,0,1,1,1,0,0,1,1,1,0,1,1,0,0,10
5070,Heejune,Kwon,6,3,1,0,1,0,0,0,0,411,414,422,413,419,412,408,403,415,410,418,416,404,407,409,424,420,406,417,425,423,421,405,427,432,428,430,429,431,426,1,1,1,0,1,1,0,0,0,1,1,0,0,0,1,0,0,0,0,1,0,1,1,11
5073,Ian,Wang,5,3,0,0,0,0,0,0,0,418,417,405,404,408,409,413,424,419,422,416,411,421,407,403,423,414,410,406,415,425,420,412,429,428,430,431,427,432,426,1,1,1,0,1,1,0,1,1,0,0,0,0,1,1,1,0,1,0,0,0,1,1,13
5002,Natalie,Chen,4,2,1,0,1,0,0,0,0,408,404,418,406,403,422,417,416,413,411,425,405,415,414,421,412,419,420,423,407,424,409,410,432,429,426,427,428,431,430,0,0,1,0,0,1,1,1,0,0,0,0,0,0,0,0,0,1,0,0,0,0,0,5
5025,Iris,Li,6,4,1,0,1,0,0,0,0,406,416,403,411,417,410,405,412,420,404,408,415,419,413,414,409,422,423,421,407,418,425,424,432,431,426,429,427,430,428,0,0,1,0,1,0,1,1,0,1,1,0,0,1,1,0,0,1,1,1,0,1,1,13
5055,Isabella,Guoji,4,3,1,0,1,0,0,0,0,404,408,425,411,420,412,407,422,421,403,423,405,418,413,417,410,415,419,424,409,406,416,414,431,428,426,432,427,429,430,0,1,0,0,0,1,0,1,0,0,0,0,1,0,0,0,0,0,0,0,0,1,0,5
5125,Ishan,Anumula,6,3,1,0,0,0,0,0,0,404,418,421,424,415,407,409,411,405,413,403,422,417,410,408,414,412,406,419,416,423,420,425,426,430,432,429,431,427,428,0,1,1,1,0,1,1,1,1,1,1,0,0,1,1,1,1,1,1,1,1,1,0,18
5116,Oliver,Cheung,5,1,1,0,0,0,0,0,0,406,422,418,403,421,423,413,424,405,415,407,408,409,425,404,414,410,420,416,419,412,411,417,427,426,430,431,428,432,429,0,0,0,0,0,0,0,1,0,0,0,0,1,0,0,0,0,0,0,0,0,0,0,2
4993,Jacob,Loh,5,3,1,0,0,0,0,0,0,404,403,424,408,406,417,405,423,407,412,419,421,425,420,416,411,410,422,415,413,414,409,418,427,431,429,428,432,430,426,0,0,1,0,0,0,1,1,0,0,0,1,0,0,1,0,0,1,0,0,0,1,0,5
5114,Jaeyoon,Lim,6,3,2,0,0,0,0,0,0,421,405,406,423,413,422,424,403,410,415,409,420,416,404,414,408,419,407,412,417,411,418,425,428,429,426,432,430,427,431,0,1,0,0,0,0,0,1,1,0,0,0,0,0,0,1,1,1,1,0,0,1,0,8
5061,Opal,Empey,6,2,2,0,1,0,0,0,0,421,418,407,422,403,406,413,405,423,425,411,424,420,408,417,410,409,419,404,416,415,414,412,428,430,431,427,429,426,432,0,1,0,0,0,0,0,0,0,0,0,0,0,0,0,1,0,1,0,0,0,0,0,3
5053,Jayden,Guoji,5,3,1,0,1,0,0,0,0,404,408,425,411,420,412,407,422,421,403,423,405,418,413,417,410,415,419,424,409,406,416,414,428,430,426,432,429,431,427,0,1,0,0,0,1,0,1,0,0,0,0,1,0,0,0,0,0,0,0,0,1,0,5
4953,Jia,Verma,6,3,0,0,1,0,0,0,0,407,406,410,418,415,405,414,403,416,409,417,419,425,412,404,408,420,423,413,421,424,422,411,428,427,432,431,426,430,429,0,1,1,1,1,1,1,1,1,0,0,0,0,0,0,0,1,0,1,0,0,0,0,10
4963,Reina,Kamdar,5,1,0,0,0,0,0,0,0,407,408,406,404,414,421,411,422,405,410,419,413,424,412,418,416,423,417,403,409,415,420,425,431,426,430,428,429,427,432,0,1,1,0,1,1,1,1,0,0,0,0,0,0,0,0,1,1,0,1,0,0,1,10
4970,Kailey,Noh,5,3,1,0,0,0,0,0,0,406,413,407,416,408,423,411,403,415,404,425,421,405,420,410,412,422,424,409,417,414,419,418,426,427,432,431,429,430,428,1,1,1,1,1,1,1,1,1,0,1,1,1,1,1,1,0,1,0,0,0,1,1,17
5097,Ruhaan,Vermani,4,2,2,0,0,0,0,0,0,413,407,403,414,423,419,404,410,422,418,415,424,409,408,406,421,411,412,417,425,405,416,420,427,432,429,430,428,426,431,0,1,1,0,1,0,0,0,0,0,0,1,0,0,0,0,0,0,0,1,0,0,0,5
4966,Leonard,Tu,6,3,1,0,0,0,0,0,0,413,419,415,410,418,407,423,421,422,406,405,414,411,403,409,412,404,416,424,408,417,420,425,429,426,427,431,428,432,430,0,1,1,1,0,0,0,1,1,0,0,0,0,0,0,0,1,1,0,0,0,0,0,5
4933,Liang,Li,6,4,2,0,1,0,0,0,0,406,424,418,411,403,413,421,423,422,425,407,420,409,408,405,415,416,419,404,410,414,417,412,431,428,432,427,430,426,429,1,1,0,0,0,0,0,1,1,0,0,0,0,0,0,0,0,1,0,0,0,1,0,6
5051,Lucas,Zhang,5,3,1,0,0,0,0,0,0,404,403,424,408,406,417,405,407,412,423,419,425,420,416,410,411,422,415,413,409,414,421,418,428,427,431,429,430,432,426,0,0,1,0,0,0,1,1,0,0,0,1,0,0,1,0,0,1,0,1,0,0,1,6
4976,Matthew,Chen,6,4,1,0,1,0,0,0,0,411,414,408,403,422,413,424,416,419,410,423,406,420,412,418,425,421,407,405,404,417,415,409,432,427,426,428,430,431,429,0,1,1,0,0,1,1,1,0,0,0,1,1,1,1,0,0,0,0,0,0,1,0,10
5043,Max,Zhang,5,3,2,0,0,0,0,0,0,403,423,407,420,409,418,412,416,417,410,414,419,424,406,421,408,425,413,405,422,411,415,404,427,431,426,428,432,430,429,0,1,1,1,0,0,1,0,0,1,1,0,0,0,0,0,0,0,0,1,0,0,1,6
5031,Michelle,Li,5,3,1,0,0,0,0,0,0,406,409,424,416,411,423,403,414,420,417,408,407,410,422,413,425,405,421,404,415,418,419,412,428,427,431,430,426,429,432,0,0,1,0,0,0,1,1,1,0,0,0,0,1,1,0,0,1,0,0,0,0,0,5
5120,Seoyoon,Lim,4,1,1,0,0,0,0,0,0,421,405,406,423,413,403,410,422,424,411,415,407,416,409,420,412,418,404,408,419,417,414,425,426,431,432,428,427,429,430,0,0,0,0,0,0,0,1,1,0,0,0,0,0,0,0,0,1,1,0,0,1,0,5
4985,Natasha,Peiris,5,3,1,0,1,0,0,0,0,413,404,418,409,405,407,425,420,417,408,424,422,403,423,421,411,414,406,416,412,410,419,415,428,430,432,426,429,427,431,0,1,1,0,0,1,0,1,1,0,0,0,0,0,0,0,0,1,0,0,0,0,0,6
4972,Neil,Krishnan,5,3,2,0,0,0,0,0,0,418,403,408,411,422,409,419,404,405,410,416,414,424,421,413,407,420,417,425,415,423,406,412,431,432,427,430,426,428,429,0,0,1,1,1,1,1,1,1,0,0,1,1,1,1,0,0,1,0,1,0,1,0,13
5035,Siyona,Anchan,5,2,1,0,0,0,0,0,0,407,406,419,413,416,405,421,403,408,422,423,411,420,412,409,404,415,424,410,418,425,414,417,431,427,426,429,430,428,432,0,1,1,0,1,1,1,1,0,0,0,0,0,1,0,1,0,0,0,0,0,0,0,8
5083,Nolan,Pan,4,3,1,0,0,0,0,0,0,413,421,403,423,422,424,406,407,415,408,414,418,409,417,410,411,405,419,420,412,416,425,404,432,427,430,431,428,429,426,0,0,0,0,0,1,1,1,1,0,0,0,0,1,1,1,0,1,0,0,0,0,1,9
5058,Roshan,Ammerlahn,6,3,1,0,1,0,0,0,0,412,411,419,409,413,422,417,424,414,407,418,421,425,406,416,403,420,423,405,404,408,410,415,432,427,428,430,429,426,431,1,1,1,1,1,1,1,1,1,0,0,1,1,1,1,1,1,1,0,0,1,1,1,19
5013,Solomon,Guy,6,1,0,0,0,0,0,0,0,407,418,412,425,404,405,409,406,417,416,414,408,419,410,415,420,411,403,424,421,413,423,422,430,432,431,429,428,426,427,0,0,0,0,0,1,1,1,0,0,0,0,0,0,0,0,0,0,1,0,0,0,0,4
4959,Rudra,Swamisai,6,3,0,0,0,0,0,0,0,408,407,418,420,405,417,424,404,419,416,403,413,406,411,412,421,410,409,423,414,415,422,425,428,426,429,432,430,427,431,0,1,1,0,1,1,1,1,0,0,0,1,1,1,0,0,1,1,0,0,1,1,0,13
4955,Ryan,Kim,5,3,2,0,0,0,0,0,0,421,413,417,403,419,423,408,424,415,418,405,422,409,416,411,425,412,407,420,410,414,406,404,426,429,427,432,431,430,428,1,1,1,1,0,0,0,0,0,0,0,1,0,0,0,1,0,1,0,0,0,0,0,6
4986,Samantha,Peiris,5,3,1,0,1,0,0,0,0,413,412,418,409,420,405,407,417,425,404,408,423,422,410,411,414,406,424,421,415,419,403,416,426,428,430,429,427,432,431,0,1,1,0,0,1,0,1,1,0,0,0,0,0,0,0,0,1,0,0,0,0,0,6
5111,Sungyeon,Kim,6,1,1,0,0,0,0,0,0,421,403,413,424,422,412,418,406,411,425,407,405,408,417,416,409,419,404,420,410,414,415,423,431,429,430,426,428,427,432,1,0,0,0,0,1,0,0,0,0,1,0,0,1,1,0,0,1,1,1,0,1,1,10
5000,Trenaysh,Giritharan,5,3,1,0,0,0,0,0,0,425,415,404,416,421,412,420,423,403,424,422,409,411,417,413,418,405,419,407,406,414,408,410,430,429,432,426,428,431,427,0,1,1,0,0,0,1,1,0,0,0,0,0,0,0,0,0,1,0,0,0,0,0,5
5056,Vincent,Wu,6,3,1,0,0,0,0,0,0,404,405,413,419,417,411,410,414,424,408,423,406,418,409,412,403,422,416,420,407,425,421,415,432,430,431,428,426,427,429,0,1,1,1,0,0,0,0,1,1,1,1,1,1,1,1,1,1,0,0,0,1,1,15
4968,Wushuang,Liu,6,3,1,0,0,0,0,0,0,404,417,422,405,410,409,414,406,415,411,418,416,407,413,424,419,403,420,412,423,425,421,408,431,426,432,428,427,429,430,0,0,0,0,0,1,0,1,0,0,0,1,1,1,0,0,0,1,0,0,0,0,0,5
5168,Yashna,Arumugam,4,3,1,0,0,0,0,0,0,404,408,414,407,416,415,409,422,424,405,417,418,403,419,406,425,412,413,411,423,410,420,421,431,430,432,428,426,429,427,1,1,1,0,1,1,1,1,1,0,0,0,0,1,1,0,0,0,1,0,0,0,0,10
5081,Yerin,Seo,5,3,3,0,0,0,0,0,0,421,413,406,422,405,408,407,424,423,411,412,403,418,425,415,419,420,404,414,409,410,417,416,430,426,427,428,432,431,429,1,1,0,1,1,1,1,1,1,0,0,1,1,1,1,0,0,1,1,1,0,1,1,15
5009,Yoolchae,Jin,6,3,1,0,0,0,0,0,0,407,421,425,417,423,419,403,414,411,415,405,418,410,413,424,422,404,406,420,412,408,409,416,432,426,430,429,427,428,431,1,1,1,1,1,0,0,0,0,1,1,0,0,1,1,1,1,1,1,0,1,1,0,15